Gender,Age,Profile followers,RowHash
female,35-44,6352,3836dc690b93797a7f3beb6d6e9347cad037cc21c6a503759181272f6f29ff6e
female,25-34,2115,7a81d05c4780ad7a922ed766cafe425f1056eaa528466777376a71fd5c965be6
female,45-54,1749,68eb800d428714a8d55b1e3bb512bb30339512189e1784d3448bd919e1949d7a
undefined,35-44,866,0768595bfc57b85f93592de1d0981aec726b988837b5bd46d675f60eee8c3d3f
undefined,45-54,349,2adf31aa79f1d57d3ed25097b619e984f81847c2ed9810333a93b2655cb2d782
undefined,25-34,330,4bca810eef771aeac85c317ef3bd6b281a8d26e21d888f09c771dc3be906c69f
female,55-64,119,d673eabcac1bb49f08a72ffd2610c4c111da4232b50948fe0d4ad6e31f991671
female,65+,118,56ce7f335b021473243a2887315846a8005cb98fbc195341857412dc1f915b4c
male,35-44,114,048f74b93e6d0c7f644ed371630f8dd9cc5d851adffe59be7a783312f4a42786
undefined,18-24,73,984a432a1e85bac7d10763e0163526da011945193cc5361d960f791650efb4ae
male,25-34,58,64db17eb81bab2ed2956412b8b0738c317a04e64cfb45ffa324e829f3805ef4e
male,45-54,52,a22207488c8a726dcb12241fa3aee5441477a2827169518d0bfad27523b1f3c8
undefined,55-64,34,bddb29d7354496be4099cdb0a7468c2b8b43397cf4c0141f00556fb1b6d1c85e
undefined,13-17,31,731e88e7fc255cb7dd68cd0581d8f601cfd5be8b416caae5e56b673e6a50c767
undefined,65+,26,5e00920a5c133589bb89fd60640b3c508feb2c3bf5cb572f9fffcea1e1062ff8
female,18-24,26,0015e5d13d6cc8ef47a3b2ab9c1dc68d9634a8d9acfb6ddcb966fb5eb5fc560f
male,18-24,16,b726a3a9cbd678d2f0bb4ea3848b7e9590594d48ad678b94aab1773e6ee7786f
male,55-64,10,302d355d83b0bfec9ca5941f3b012aedfb941b34ff7424b96dff43f65bf4dede
female,13-17,4,d0c6d55776298dafce30e4d274ee66ece41783fbca1806586c95ad847f6d4ef2
male,65+,3,d3e6493371d178f2ff69f465dc6949bac4346a3201ae6ea3e6e72003109674c0
male,13-17,2,06d58adf701e9bcb3968e96bea4f545075a06ec0453de3c67acc6a2d07a01842